Tool,Version,Link,Description
abuseACL,2.0.1,https://github.com/AetherBlack/abuseACL,A python script to automatically list vulnerable Windows ACEs/ACLs.
aclpwn,1.0.0,https://github.com/aas-n/aclpwn.py,Tool for testing the security of Active Directory access controls.
AD-miner,1.9.0,https://github.com/Mazars-Tech/AD_Miner,Active Directory audit tool that leverages cypher queries.
adidnsdump,1.4.0,https://github.com/dirkjanm/adidnsdump,Active Directory Integrated DNS dump utility
adwsdomaindump,0.11.0,https://github.com/mverschu/adwsdomaindump,A tool for dumping domain data via ADWS for evasion purposes.
aircrack-ng,1.7,https://www.aircrack-ng.org,A suite of tools for wireless penetration testing
aliasr,1.0.1,https://github.com/Mojo8898/aliasr,Aliasr is a modern and feature-rich TUI launcher for penetration testing commands inspired by Arsenal but with significantly improved functionality.
alterx,0.1.0,https://github.com/projectdiscovery/alterx,A tool for fast and customizable subdomain wordlist generator using DSL from ProjectDiscovery.
amass,,https://github.com/OWASP/Amass,A DNS enumeration / attack surface mapping & external assets discovery tool
amber,2024-02-22,https://github.com/EgeBalci/amber,Forensic tool to recover browser history / cookies and credentials
androguard,5.0.0,https://github.com/androguard/androguard,Reverse engineering and analysis of Android applications
android-tools-adb,,https://developer.android.com/studio/command-line/adb,A collection of tools for debugging Android applications
anew,0.1.1,https://github.com/tomnomnom/anew,A simple tool for filtering and manipulating text data / such as log files and other outputs.
angr,,https://github.com/angr/angr,a platform-agnostic binary analysis framework
apksigner,35.0.2,https://source.android.com/security/apksigning,arguably the most important step to optimize your APK file
apktool,2.7.0,https://github.com/iBotPeaches/Apktool,It is a tool for reverse engineering 3rd party / closed / binary Android apps.
arjun,2.2.7,https://github.com/s0md3v/Arjun,HTTP parameter discovery suite.
asciinema,,https://github.com/asciinema/asciinema,Terminal session recorder
asdf,0.20.0,https://github.com/asdf-vm/asdf,Extendable version manager with support for ruby python go etc
asrepcatcher,0.7.0,https://github.com/Yaxxine7/ASRepCatcher,Make your VLAN ASREProastable.
assetfinder,0.1.1,https://github.com/tomnomnom/assetfinder,Tool to find subdomains and IP addresses associated with a domain.
autobloody,1.1.0,https://github.com/CravateRouge/autobloody,Automatically exploit Active Directory privilege escalation paths shown by BloodHound.
autoconf,2.72,https://www.gnu.org/software/autoconf/autoconf.html,Tool for producing shell scripts to configure source code packages
autorecon,2.0.36,https://github.com/Tib3rius/AutoRecon,Multi-threaded network reconnaissance tool which performs automated enumeration of services.
avrdude,7.1,https://github.com/avrdudes/avrdude,AVRDUDE is a command-line program that allows you to download/upload/manipulate the ROM and EEPROM contents of AVR microcontrollers using the in-system programming technique (ISP).
awscli,2.37.12,https://aws.amazon.com/cli/,Command-line interface for Amazon Web Services.
azure-cli,2.74.0,https://github.com/Azure/azure-cli,A great cloud needs great tools; we're excited to introduce Azure CLI our next generation multi-platform command line experience for Azure.
badsecrets,1.2.1,https://github.com/blacklanternsecurity/badsecrets,A pure python library for identifying the use of known or very weak cryptographic secrets across a variety of platforms.
BBOT,3.0.2,https://github.com/blacklanternsecurity/bbot,BEE·bot is a multipurpose scanner inspired by Spiderfoot built to automate your Recon and ASM.
bettercap,2.41.7,https://github.com/bettercap/bettercap,The Swiss Army knife for 802.11 / BLE / and Ethernet networks reconnaissance and MITM attacks.
binwalk,,https://github.com/ReFirmLabs/binwalk,Binwalk is a tool for analyzing / reverse engineering / and extracting firmware images.
Blackbird,2025-07-13,https://github.com/p1ngul1n0/blackbird,An OSINT tool to search fast for accounts by username across 581 sites.
bloodbash,1.4.2,https://github.com/DotNetRussell/BloodBash,BloodBash is a powerful standalone BloodHound / SharpHound + AzureHound JSON analyzer written in Python
bloodhound,2026-03-02,https://github.com/BloodHoundAD/BloodHound,Active Directory security tool for reconnaissance and attacking AD environments.
BloodHound-CE,9.8.0,https://github.com/SpecterOps/BloodHound,Active Directory security tool for reconnaissance and attacking AD environments (Community Edition)
bloodhound-ce.py,2025-10-24,https://github.com/fox-it/BloodHound.py,BloodHound-CE ingestor in Python.
bloodhound-import,0.0.9,https://github.com/fox-it/BloodHound.py,Import data into BloodHound for analyzing active directory trust relationships
bloodhound-quickwin,2025-04-04,https://github.com/kaluche/bloodhound-quickwin,A tool for BloodHounding on Windows machines without .NET or Powershell installed
bloodhound.py,1.9.0,https://github.com/fox-it/BloodHound.py,BloodHound ingestor in Python.
bloodyAD,2.5.5,https://github.com/CravateRouge/bloodyAD,bloodyAD is an Active Directory privilege escalation swiss army knife.
bolt,2022-02-07,https://github.com/s0md3v/bolt,Bolt crawls the target website to the specified depth and stores all the HTML forms found in a database for further processing.
bqm,,https://github.com/Acceis/bqm,Tool to deduplicate custom BloudHound queries from different datasets and merge them in one file.
brakeman,,https://github.com/presidentbeef/brakeman,Static analysis tool for Ruby on Rails applications
bruteforce-luks,1.4.0,https://github.com/glv2/bruteforce-luks,A tool to help recover encrypted LUKS2 containers
bully,1.4.00,https://github.com/aanarchyy/bully,bully is a tool for brute-forcing WPS (Wireless Protected Setup) PINs.
burpsuite,2026.9.2,https://portswigger.net/burp,Web application security testing tool.
byp4xx,2023-03-08,https://github.com/lobuhi/byp4xx,A Swiss Army knife for bypassing web application firewalls and filters.
caido,,https://docs.caido.io/quickstart/,A lightweight web security auditing toolkit.
carbon14,1.0.0,https://github.com/Lazza/carbon14,OSINT tool for estimating when a web page was written.
Censys,2.3.0,https://github.com/censys/censys-python,An easy-to-use and lightweight API wrapper for Censys APIs
certipy,2026-07-30,https://github.com/ly4k/Certipy,Python tool to create and sign certificates
certsync,0.1.6,https://github.com/zblurx/certsync,certsync is a tool that helps you synchronize certificates between two directories.
cewl,2026-06-24,https://digi.ninja/projects/cewl.php,Generates custom wordlists by spidering a target's website and parsing the results
cewler,1.4.1,https://github.com/roys/cewler,CeWL alternative in Python
chainsaw,2026-09-23,https://github.com/WithSecureLabs/chainsaw,Rapidly Search and Hunt through Windows Forensic Artefacts
chaos,0.5.2,https://github.com/projectdiscovery/alterx,A Go client to communicate with Chaos dataset API from ProjectDiscovery.
checksec-py,,https://github.com/Wenzel/checksec.py,Python wrapper script for checksec.sh from paX.
chisel,1.12.1,https://github.com/jpillora/chisel,Go based TCP tunnel with authentication and encryption support
cloudfail,2023-12-11,https://github.com/m0rtem/CloudFail,a reconnaissance tool for identifying misconfigured CloudFront domains.
cloudmapper,2023-11-30,https://github.com/duo-labs/cloudmapper,CloudMapper helps you analyze your Amazon Web Services (AWS) environments.
cloudsplaining,0.9.1,https://github.com/salesforce/cloudsplaining,AWS IAM Security Assessment tool that identifies violations of least privilege and generates a risk-prioritized report.
cloudsploit,2026-09-22,https://github.com/aquasecurity/cloudsploit,Cloud Security Posture Management
cmloot,2026-03-11,https://github.com/shelltrail/cmloot,cmloot.py is built to aid penetration testers to search and find sensitive files in Configuration Manager's complex file share structure.
cmsmap,,https://github.com/Dionach/CMSmap,Tool for security audit of web content management systems.
coercer,2.4.3,https://github.com/p0dalirius/coercer,DFS-R target coercion tool
conpass,0.3.0,https://github.com/login-securite/conpass,Python tool for continuous password spraying taking into account the password policy.
corscanner,2021-11-25,https://github.com/chenjj/CORScanner,a Python script for finding CORS misconfigurations.
cowpatty,4.8,https://github.com/joswr1ght/cowpatty,cowpatty is a tool for offline dictionary attacks against WPA-PSK (Pre-Shared Key) networks.
crackhound,2023-10-31,https://github.com/trustedsec/crackhound,A fast WPA/WPA2/WPA3 WiFi Handshake capture / password recovery and analysis tool
creds,,https://github.com/ihebski/DefaultCreds-cheat-sheet,One place for all the default credentials to assist pentesters during an engagement. This document has several products default login/password gathered from multiple sources.
crunch,3.6,https://github.com/crunchsec/crunch,A wordlist generator where you can specify a standard character set or a character set you specify.
cupp,,https://github.com/Mebus/cupp,Cupp is a tool used to generate personalized password lists based on target information.
curlie,8.14.1,https://github.com/rs/curlie,Curlie is a frontend to curl that adds the ease of use of httpie without compromising on features and performance
CyberChef,,https://github.com/gchq/CyberChef/,The Cyber Swiss Army Knife
cyperoth,2021-07-29,https://github.com/seajaysec/cypheroth,Automated extensible toolset that runs cypher queries against Bloodhound's Neo4j backend and saves output to spreadsheets.
daclsearch,1.0.0,https://github.com/cogiceo/daclsearch,Exhaustive search and flexible filtering of Active Directory ACEs
darkarmour,2020-04-13,https://github.com/bats3c/darkarmour,a tool to detect and evade common antivirus products
dex2jar,,https://github.com/pxb1988/dex2jar,A tool to convert Android's dex files to Java's jar files
dfscoerce,2022-06-23,https://github.com/Wh04m1001/dfscoerce,DFS-R target coercion tool
dirb,2.22,https://github.com/v0re/dirb,Web Content Scanner
dirsearch,2026-10-07,https://github.com/maurosoria/dirsearch,Tool for searching files and directories on a web site.
divideandscan,1.0.3,https://github.com/snovvcrash/divideandscan,Advanced subdomain scanner
dns2tcp,0.5.2,https://github.com/alex-sector/dns2tcp,dns2tcp is a tool for relaying TCP connections over DNS.
dnschef,2019-03-27,https://github.com/iphelix/dnschef,Tool for DNS MITM attacks
dnsenum,1.3.2,https://github.com/fwaeytens/dnsenum,dnsenum is a tool for enumerating DNS information about a domain.
dnsx,1.3.1,https://github.com/projectdiscovery/dnsx,A tool for DNS reconnaissance that can help identify subdomains and other related domains.
donpapi,2.1.0,https://github.com/login-securite/DonPAPI,Dumping revelant information on compromised targets without AV detection
dploot,4.1.1,https://github.com/zblurx/dploot,dploot is Python rewrite of SharpDPAPI written un C#.
droopescan,,https://github.com/droope/droopescan,Scan Drupal websites for vulnerabilities.
drupwn,2020-06-18,https://github.com/immunIT/drupwn,Drupal security scanner.
dtrx,8.7.1,https://github.com/dtrx-py/dtrx,Do The Right eXtraction - don't remember what set of tar flags or where to pipe the output to extract it? no worries!
eaphammer,1.14.1,https://github.com/s0lst1c3/eaphammer,EAPHammer is a toolkit for performing targeted evil twin attacks against WPA2-Enterprise networks.
empire,7.0.2,https://github.com/BC-SECURITY/Empire,post-exploitation and adversary emulation framework
enum4linux-ng,1.3.10,https://github.com/cddmp/enum4linux-ng,Tool for enumerating information from Windows and Samba systems.
enyx,2023-01-20,https://github.com/trickster0/enyx,Framework for building offensive security tools.
EVENmonitor,1.0.0,https://github.com/NeffIsBack/EVENmonitor,Monitor the Windows Event Log with grep-like features or filtering for specific Event IDs 
evil-winrm-py,1.7.0,https://github.com/adityatelange/evil-winrm-py,Evil-WinRM. But in python
evilwinrm,,https://github.com/Hackplayers/evil-winrm,Tool to connect to a remote Windows system with WinRM.
exegol-history,2026-06-24,https://github.com/ThePorgs/Exegol-history,Credentials management for Exegol
exif,0.6.22,https://exiftool.org/,Utility to read / write and edit metadata in image / audio and video files
exifprobe,2.0.1,https://github.com/hfiguiere/exifprobe,Exifprobe is a command-line tool to parse EXIF data from image files.
exiftool,,https://github.com/exiftool/exiftool,ExifTool is a Perl library and command-line tool for reading / writing and editing meta information in image / audio and video files.
exiv2,0.28.5,https://github.com/Exiv2/exiv2,Image metadata library and toolset
ExtractBitlockerKeys,2026-01-20,https://github.com/p0dalirius/ExtractBitlockerKeys,A system administration or post-exploitation script to automatically extract the bitlocker recovery keys from a domain.
eyewitness,2026-01-05,https://github.com/FortyNorthSecurity/EyeWitness,a tool to take screenshots of websites / provide some server header info / and identify default credentials if possible.
fcrackzip,1.0,https://github.com/hyc/fcrackzip,Password cracker for zip archives.
fdisk,2.41.5,https://github.com/karelzak/util-linux,Collection of basic system utilities / including fdisk partitioning tool
feroxbuster,2.13.1,https://github.com/epi052/feroxbuster,Simple / fast and recursive content discovery tool
ffuf,2.3.0,https://github.com/ffuf/ffuf,Fast web fuzzer written in Go.
fierce,1.6.0,https://github.com/mschwager/fierce,A DNS reconnaissance tool for locating non-contiguous IP space
finalrecon,2026-06-01,https://github.com/thewhiteh4t/FinalRecon,A web reconnaissance tool that gathers information about web pages
findomain,10.0.1,https://github.com/findomain/findomain,The fastest and cross-platform subdomain enumerator.
firefox,153.4.0esr,https://www.mozilla.org,A web browser
firefox_decrypt,,https://github.com/unode/firefox_decrypt,Decrypt Firefox saved passwords.
foremost,1.5.7,https://doc.ubuntu-fr.org/foremost,Foremost is a forensic tool for recovering files based on their headers / footers / and internal data structures.
fping,4.4.19,https://github.com/schweikert/fping,fping is a program to send ICMP echo probes to network hosts similar to ping but much better performing when pinging multiple hosts.
freeipscanner,,https://github.com/scrt/freeipscanner,A simple bash script to enumerate stale ADIDNS entries
freerdp3-x11,3.15.0,https://github.com/FreeRDP/FreeRDP,FreeRDP is a free implementation of the Remote Desktop Protocol (RDP) released under the Apache license.
frida,14.11.0,https://github.com/frida/frida,Dynamic instrumentation toolkit
fuxploider,2025-05-08,https://github.com/almandin/fuxploider,a Python tool for finding and exploiting file upload forms/directories.
fzf,2026-10-08,https://github.com/junegunn/fzf,🌸 A command-line fuzzy finder
gau,2.2.4,https://github.com/lc/gau,Fast tool for fetching URLs
gef,,https://github.com/hugsy/gef,A modern experience for GDB with advanced debugging capabilities for exploit devs & reverse engineers on Linux.
genusernames,,https://gitlab.com/-/snippets/2480505/raw/main/bash,GenUsername is a Python tool for generating a list of usernames based on a name or email address.
GeoPincer,2023-07-09,https://github.com/tloja/GeoPincer,GeoPincer is a script that leverages OpenStreetMap's Overpass API in order to search for locations.
geowordlists,1.0.1,https://github.com/p0dalirius/GeoWordlists,tool to generate wordlists of passwords containing cities at a defined distance around the client city.
gf,2020-06-18,https://github.com/tomnomnom/gf,A wrapper around grep to avoid typing common patterns
ghidra,,https://github.com/NationalSecurityAgency/ghidra,Software reverse engineering suite of tools.
GHunt,2.3.4,https://github.com/mxrch/GHunt,Investigate Google Accounts with emails
git-dumper,1.0.9,https://github.com/arthaud/git-dumper,Small script to dump a Git repository from a website.
githubemail,,https://github.com/paulirish/github-email,a command-line tool to retrieve a user's email from Github.
gitleaks,8.30.1,https://github.com/trufflesecurity/gitleaks,Gitleaks scans hardcoded secrets in git repositories and folders.
gittools,2026-09-30,https://github.com/internetwache/GitTools,A collection of Git tools including a powerful Dumper for dumping Git repositories.
glow,3.0.0,https://github.com/charmbracelet/glow,glow is a tool to render Markdown inside the terminal.
gmsadumper,2024-02-11,https://github.com/micahvandeusen/gMSADumper,A tool for extracting credentials and other information from a Microsoft Active Directory domain.
gobuster,3.8.2,https://github.com/OJ/gobuster,Tool to discover hidden files and directories.
godap,1.7.0,https://github.com/Macmod/godap,A complete TUI for LDAP.
GoExec,0.3.0,https://github.com/FalconOpsLLC/goexec,GoExec is a new take on some of the methods used to gain remote execution on Windows devices. GoExec implements a number of largely unrealized execution methods and provides significant OPSEC improvements overall
goldencopy,1.6,https://github.com/Dramelac/GoldenCopy,Copy the properties and groups of a user from neo4j (bloodhound) to create an identical golden ticket
GoMapEnum,2025-09-24,https://github.com/nodauf/GoMapEnum,Nothing new but existing techniques are brought together in one tool.
gopherus,2022-07-11,https://github.com/tarunkant/Gopherus,Gopherus is a simple command line tool for exploiting vulnerable Gopher servers.
gosecretsdump,0.3.1,https://github.com/c-sto/gosecretsdump,Implements NTLMSSP network authentication protocol in Go
goshs,1.1.4,https://github.com/patrickhener/goshs,Goshs is a replacement for Python's SimpleHTTPServer. It allows uploading and downloading via HTTP/S with either self-signed certificate or user provided certificate and you can use HTTP basic auth.
gowitness,2026-09-16,https://github.com/sensepost/gowitness,A website screenshot utility written in Golang.
GPOddity,2.0,https://github.com/synacktiv/GPOddity,Aiming at automating GPO attack vectors through NTLM relaying (and more)
gpoParser,1.0.0,https://github.com/synacktiv/gpoParser,Tool designed to extract and analyze configurations applied through Group Policy Objects (GPOs) in an Active Directory environment.
gpp-decrypt,2025-08-07,https://github.com/t0thkr1s/gpp-decrypt,A tool to decrypt Group Policy Preferences passwords
gqrx,,https://github.com/csete/gqrx,Software defined radio receiver powered by GNU Radio and Qt
gron,0.7.1,https://github.com/tomnomnom/gron,Make JSON greppable!
h2csmuggler,2020-09-15,https://github.com/BishopFox/h2csmuggler,HTTP Request Smuggling tool using H2C upgrade
h8mail,2.5.6,https://github.com/khast3x/h8mail,Email OSINT and breach hunting.
hackrf,2024.02.1,https://github.com/mossmann/hackrf,Low cost software defined radio platform
haiti,,https://github.com/noraj/haiti,haiti is a A CLI tool (and library) to identify hash types (hash type identifier).
hakrawler,2026-08-05,https://github.com/hakluke/hakrawler,a fast web crawler for gathering URLs and other information from websites
hakrevdns,2026-08-05,https://github.com/hakluke/hakrevdns,Reverse DNS lookup utility that can help with discovering subdomains and other information.
hashcat,6.2.6,https://hashcat.net/hashcat,A tool for advanced password recovery
hashonymize,1.0.0,https://github.com/ShutdownRepo/hashonymize,This small tool is aimed at anonymizing hashes files for offline but online cracking like Google Collab for instance (see https://github.com/ShutdownRepo/google-colab-hashcat).
hcxdumptool,2.41,https://github.com/ZerBea/hcxdumptool,Small tool to capture packets from wlan devices.
hcxtools,7.1.2,https://github.com/ZerBea/hcxtools,Tools for capturing and analyzing packets from WLAN devices.
hexedit,1.6,https://github.com/pixel/hexedit,View and edit binary files
Hob0Rules rules,,https://github.com/praetorian-inc/Hob0Rules,Password cracking rules for Hashcat based on statistics and industry patterns
holehe,1.61,https://github.com/megadose/holehe,mail osint tool finding out if it is used on websites.
hping3,3.a2.ds2,https://github.com/antirez/hping,A network tool able to send custom TCP/IP packets
httpmethods,1.1.3,https://github.com/ShutdownRepo/httpmethods,Tool for exploiting HTTP methods (e.g. PUT / DELETE / etc.)
httprobe,0.1.2,https://github.com/tomnomnom/httprobe,A simple utility for enumerating HTTP and HTTPS servers.
httpx,1.12.0,https://github.com/projectdiscovery/httpx,A tool for identifying web technologies and vulnerabilities / including outdated software versions and weak encryption protocols.
hydra,4.4.19,https://github.com/vanhauser-thc/thc-hydra,Hydra is a parallelized login cracker which supports numerous protocols to attack.
ignorant,1.2,https://github.com/megadose/ignorant,holehe but for phone numbers.
imagemagick,7.1.1.43,https://github.com/ImageMagick/ImageMagick,ImageMagick is a free and open-source image manipulation tool used to create / edit / compose / or convert bitmap images.
impacket,,https://github.com/fortra/impacket,Set of tools for working with network protocols (original version).
impacket,0.14.0,https://github.com/ThePorgs/impacket,Set of tools for working with network protocols (ThePorgs version).
Instaloader,4.15.3,https://github.com/instaloader/instaloader,Download content/captions/metadata from Instagram
ipinfo,2026-04-28,https://github.com/ipinfo/cli,Get information about an IP address or hostname.
iptables,1.8.11,https://linux.die.net/man/8/iptables,Userspace command line tool for configuring kernel firewall
jackit,0.1.0,https://github.com/insecurityofthings/jackit,Exploit to take over a wireless mouse and keyboard
jadx,1.5.6,https://github.com/skylot/jadx,Java decompiler
jd-gui,,https://github.com/java-decompiler/jd-gui,A standalone Java Decompiler GUI
jdwp,2017-01-13,https://github.com/IOActive/jdwp-shellifier,This exploitation script is meant to be used by pentesters against active JDWP service / in order to gain Remote Code Execution.
john,2026-09-30,https://github.com/openwall/john,John the Ripper password cracker.
joomscan,2023-11-30,https://github.com/rezasp/joomscan,A tool to enumerate Joomla-based websites
jsluice,2024-01-10,https://github.com/BishopFox/jsluice,Extract URLs / paths / secrets and other interesting data from JavaScript source code.
jwt,2.3.0,https://github.com/ticarpi/jwt_tool,a command-line tool for working with JSON Web Tokens (JWTs)
k9s,0.51.0,https://github.com/derailed/k9s,TUI interface for managing Kubernetes clusters.
katana,1.8.0,https://github.com/projectdiscovery/katana,A next-generation crawling and spidering framework.
keepassxc,2.7.10,https://github.com/keepassxreboot/keepassxc,Cross-platform password manager
KeePwn,0.4.0,https://github.com/Orange-Cyberdefense/KeePwn,KeePwn is a tool that extracts passwords from KeePass 1.x and 2.x databases.
kerbrute,1.0.3,https://github.com/ropnop/kerbrute,A tool to perform Kerberos pre-auth bruteforcing
keytabextract,,https://github.com/sosdave/KeyTabExtract,KeyTabExtract is a tool to extract valuable information from keytab files.
kiterunner,2021-05-10,https://github.com/assetnote/kiterunner,Tool for operating Active Directory environments.
Kraken,2024-02-10,https://github.com/kraken-ng/Kraken,Kraken is a modular multi-language webshell focused on web post-exploitation and defense evasion. It supports three technologies (PHP / JSP and ASPX) and is core is developed in Python.
krbjack,1.2.0,https://github.com/almandin/krbjack,A Kerberos AP-REQ hijacking tool with DNS unsecure updates abuse.
krbrelayx,2026-03-11,https://github.com/dirkjanm/krbrelayx,a tool for performing Kerberos relay attacks
kubectl,1.37.1,https://kubernetes.io/docs/reference/kubectl/overview/,Command-line interface for managing Kubernetes clusters.
ldapdomaindump,0.10.0,https://github.com/dirkjanm/ldapdomaindump,A tool for dumping domain data from an LDAP service
ldapsearch,1.21.3,https://wiki.debian.org/LDAP/LDAPUtils,Search for and display entries (ldap)
ldapsearch-ad,2024-12-10,https://github.com/yaap7/ldapsearch-ad,LDAP search utility with AD support
LDAPWordlistHarvester,2026-03-24,https://github.com/p0dalirius/pyLDAPWordlistHarvester,Generate a wordlist from the information present in LDAP in order to crack passwords of domain accounts
ldeep,2.0.3,https://github.com/franc-pentest/ldeep,ldeep is a tool to discover hidden paths on Web servers.
legba,2026-08-15,https://github.com/evilsocket/legba,a multiprotocol credentials bruteforcer / password sprayer and enumerator built with Rust
libmspack,2026-07-21,https://github.com/kyz/libmspack,C library for Microsoft compression formats.
libnfc,,https://github.com/grundid/nfctools,Library for Near Field Communication (NFC) devices
libnfc-crypto1-crack,1-crack,https://github.com/droidnewbie2/acr122uNFC,Implementation of cryptographic attack on Mifare Classic RFID cards
libusb-dev,0.1.12,https://github.com/libusb/libusb,Library for USB device access
ligolo-ng,0.9.2,https://github.com/nicocha30/ligolo-ng,An advanced yet simple tunneling tool that uses a TUN interface.
linkedin2username,0.30,https://github.com/initstring/linkedin2username,Generate a list of LinkedIn usernames from a company name.
linkfinder,2024-04-13,https://github.com/GerbenJavado/LinkFinder,a Python script that finds endpoints and their parameters in JavaScript files.
lnkup,2017-08-21,https://github.com/Plazmaz/lnkUp,This tool will allow you to generate LNK payloads. Upon rendering or being run they will exfiltrate data.
lsassy,3.1.16,https://github.com/Hackndo/lsassy,Windows secrets and passwords extraction tool.
maigret,,https://github.com/soxoj/maigret,Collects information about a target email (or domain) from Google and Bing search results
maltego,4.3.0,https://www.paterva.com/web7/downloads.php,A tool used for open-source intelligence and forensics
manspider,2.0.0,https://github.com/blacklanternsecurity/MANSPIDER,Manspider will crawl every share on every target system. If provided creds don't work it will fall back to 'guest' then to a null session.
mapcidr,1.1.97,https://github.com/projectdiscovery/mapcidr,Utility program to perform multiple operations for a given subnet/CIDR ranges.
mariadb-client,4.4.19,https://github.com/MariaDB/server,MariaDB is a community-developed fork of the MySQL relational database management system. The mariadb-client package includes command-line utilities for interacting with a MariaDB server.
masky,0.2.1,https://github.com/Z4kSec/Masky,Masky is a python library providing an alternative way to remotely dump domain users' credentials thanks to an ADCS. A command line tool has been built on top of this library in order to easily gather PFX or NT hashes and TGT on a larger scope
masscan,1.3.2,https://github.com/robertdavidgraham/masscan,Masscan is an Internet-scale port scanner
massdns,2026-09-27,https://github.com/blechschmidt/massdns,MassDNS is a simple high-performance DNS stub resolver targeting those who seek to resolve a massive amount of domain names in the order of millions or even billions.
mdcat,,https://github.com/swsnr/mdcat,Fancy cat for Markdown
Metagoofil,1.4.0,https://github.com/opsdisk/metagoofil,Metagoofil is a tool for gathering metadata of a website
metasploit,2026-10-08,https://github.com/rapid7/metasploit-framework,A popular penetration testing framework that includes many exploits and payloads
mfcuk,0.3.8,https://github.com/nfc-tools/mfcuk,Implementation of an attack on Mifare Classic and Plus RFID cards
mfdread,2024-10-15,https://github.com/zhovner/mfdread,Tool for reading/writing Mifare RFID tags
mfoc,2023-11-15,https://github.com/nfc-tools/mfoc,Implementation of 'offline nested' attack by Nethemba
minicom,2.10,https://doc.ubuntu-fr.org/minicom,Minicom is a text-based serial communication program for Unix-like operating systems.
mitm6,0.3.0,https://github.com/fox-it/mitm6,Tool to conduct a man-in-the-middle attack against IPv6 protocols.
mitmproxy,4.4.19,https://github.com/mitmproxy/mitmproxy,mitmproxy is an interactive SSL/TLS-capable intercepting proxy with a console interface for HTTP/1 HTTP/2 and WebSockets.
mobsf,2026-09-25,https://github.com/MobSF/Mobile-Security-Framework-MobSF,Automated and all-in-one mobile application (Android/iOS/Windows) pen-testing malware analysis and security assessment framework
moodlescan,2022-09-08,https://github.com/inc0d3/moodlescan,Scan Moodle sites for information and vulnerabilities.
msprobe,0.1.4,https://github.com/puzzlepeaches/msprobe,msprobe is a tool to identify Microsoft Windows hosts and servers that are running certain services.
MurMurHash,2023-08-30,https://github.com/QU35T-code/MurMurHash,This little tool is to calculate a MurmurHash value of a favicon to hunt phishing websites on the Shodan platform.
naabu,2.6.1,https://github.com/projectdiscovery/naabu,A fast and reliable port scanner that can detect open ports and services.
name-that-hash,1.11.0,https://github.com/HashPals/Name-That-Hash,Online tool for identifying hashes.
nbtscan,1.7.2,https://github.com/charlesroelli/nbtscan,NBTscan is a program for scanning IP networks for NetBIOS name information.
neo4j,4.4.48,https://github.com/neo4j/neo4j,Database.
neovim,0.12.6,https://neovim.io/,hyperextensible Vim-based text editor
netdiscover,0.11,https://github.com/netdiscover-scanner/netdiscover,netdiscover is an active/passive address reconnaissance tool
netexec,2026-10-05,https://github.com/Pennyw0rth/NetExec,Network scanner (Crackmapexec updated).
nfct,1.4.8,https://github.com/grundid/nfctools,Tool for Near Field Communication (NFC) devices
nfsshell,2025-06-13,https://github.com/Supermathie/nfsshell,NFSShell is a tool for interacting with NFS shares without mounting them.
ngrok,3.39.11,https://github.com/inconshreveable/ngrok,Expose a local server behind a NAT or firewall to the internet
nmap,7.95,https://nmap.org,The Network Mapper - a powerful network discovery and security auditing tool
nmap-parse-ouptut,2023-06-14,https://github.com/ernw/nmap-parse-output,Converts/manipulates/extracts data from a Nmap scan output.
noPac,2023-01-29,https://github.com/Ridter/noPac,Exploiting CVE-2021-42278 and CVE-2021-42287 to impersonate DA from standard domain user.
nosqlmap,2026-02-20,https://github.com/codingo/NoSQLMap,a Python tool for testing NoSQL databases for security vulnerabilities.
NSAKEY rules,,https://github.com/NSAKEY/nsa-rules,Password cracking rules and masks for hashcat
ntlmv1-multi,2026-06-26,https://github.com/evilmog/ntlmv1-multi,Exploit a vulnerability in Microsoft Windows to gain system-level access.
ntlm_theft,2026-09-10,https://github.com/Greenwolf/ntlm_theft,A tool for generating multiple types of NTLMv2 hash theft files
nuclei,3.11.1,https://github.com/projectdiscovery/nuclei,A fast and customizable vulnerability scanner that can detect a wide range of issues / including XSS / SQL injection / and misconfigured servers.
oaburl,,https://gist.githubusercontent.com/snovvcrash/4e76aaf2a8750922f546eed81aa51438/raw/96ec2f68a905eed4d519d9734e62edba96fd15ff/oaburl.py,Find Open redirects and other vulnerabilities.
objection,1.12.5,https://github.com/sensepost/objection,Runtime mobile exploration
objectwalker,2.2.1,https://github.com/p0dalirius/objectwalker,A python module to explore the object tree to extract paths to interesting objects in memory.
oletools,0.60.2,https://github.com/decalage2/oletools,python tools to analyze MS OLE2 files and MS Office documents - for malware analysis - forensics and debugging.
oneforall,2026-05-11,https://github.com/shmilylty/OneForAll,a powerful subdomain collection tool.
onelistforall,,https://github.com/six2dez/OneListForAll,Rockyou for web fuzzing
OneRuleToRuleThemStill rules,,https://github.com/stealthsploit/OneRuleToRuleThemStill,One rule to crack all passwords. A revamped - optimised and updated version of the original OneRuleToRuleThemAll hashcat rule
onesixtyone,0.3.4,https://github.com/trailofbits/onesixtyone,onesixtyone is an SNMP scanner which utilizes a sweep technique to achieve very high performance.
OpenVPN,2.6.14,https://openvpn.net/,Fast and Easy Zero-Trust VPN Fully in Your Control
pacu,1.7.0,https://github.com/RhinoSecurityLabs/pacu,The AWS exploitation framework for testing the security of Amazon Web Services environments.
Pantagrule rules,,https://github.com/rarecoil/pantagrule,large hashcat rulesets generated from real-world compromised passwords
pass,,https://github.com/hashcat/hashcat,TODO
PassTheCert,2026-08-24,https://github.com/AlmondOffSec/PassTheCert,PassTheCert is a tool to extract Active Directory user password hashes from a domain controller's local certificate store.
patator,2025-05-20,https://github.com/lanjelot/patator,Login scanner.
pcredz,2026-03-02,https://github.com/lgandx/PCredz,PowerShell credential dumper
pcsc,,https://pcsclite.apdu.fr/,Middleware for smart card readers
pdfcrack,0.20,https://github.com/robins/pdfcrack,A tool for cracking password-protected PDF files
peda,,https://github.com/longld/peda,Python Exploit Development Assistance for GDB.
penelope,,https://github.com/brightio/penelope,Penelope is a shell handler designed to be easy to use and intended to replace netcat when exploiting RCE vulnerabilities.
petitpotam,2024-08-15,https://github.com/topotam/PetitPotam,Windows machine account manipulation
phoneinfoga,,https://github.com/sundowndev/PhoneInfoga,Information gathering & OSINT framework for phone numbers.
photon,2026-09-04,https://github.com/s0md3v/Photon,a fast web crawler which extracts URLs / files / intel & endpoints from a target.
PHP filter chain generator,,https://github.com/synacktiv/php_filter_chain_generator,A CLI to generate PHP filters chain / get your RCE without uploading a file if you control entirely the parameter passed to a require or an include in PHP!
phpggc,2025-09-29,https://github.com/ambionics/phpggc,Exploit generation tool for the PHP platform.
pkcrack,2021-10-30,https://github.com/keyunluo/pkcrack,tool to generate wordlists of passwords containing cities at a defined distance around the client city
pkinittools,2025-01-03,https://github.com/dirkjanm/PKINITtools,Pkinit support tools
polenum,1.7,https://github.com/Wh1t3Fox/polenum,Polenum is a Python script which uses the Impacket library to extract user information through the SMB protocol.
postman,12.31.7,https://www.postman.com/,API platform for testing APIs
powershell,7.3.4,https://github.com/PowerShell/PowerShell,a command-line shell and scripting language designed for system administration and automation
Powerview.py,,https://github.com/aniqfakhrul/powerview.py,PowerView.py is an alternative for the awesome original PowerView.ps1 script.
pp-finder,2.0.1,https://github.com/yeswehack/pp-finder,Prototype pollution finder tool for javascript. pp-finder lets you find prototype pollution candidates in your code.
pre2k,3.0,https://github.com/garrettfoster13/pre2k,pre2k is a tool to check if a Windows domain has any pre-2000 Windows 2000 logon names still in use.
pretender,1.4.1,https://github.com/RedTeamPentesting/pretender,an mitm tool for helping with relay attacks.
prips,1.2.2,https://manpages.ubuntu.com/manpages/focal/man1/prips.1.html,A utility for quickly generating IP ranges or enumerating hosts within a specified range.
privexchange,2020-01-23,https://github.com/dirkjanm/PrivExchange,a tool to perform attacks against Microsoft Exchange server using NTLM relay techniques
prowler,5.44.0,https://github.com/prowler-cloud/prowler,Perform Cloud Security best practices assessments / audits / incident response / compliance / continuous monitoring / hardening and forensics readiness.
proxmark3,4.23346,https://github.com/RfidResearchGroup/proxmark3,Open source RFID research toolkit.
proxychains,2026-10-06,https://github.com/rofl0r/proxychains,Proxy chains - redirect connections through proxy servers.
pst-utils,0.6.76,https://manpages.debian.org/jessie/pst-utils/readpst.1,pst-utils is a set of tools for working with Outlook PST files.
pwncat-vl,0.7.0,https://github.com/Chocapikk/pwncat-vl,Maintained fork of pwncat-cs with recent fixes and enhancements.
pwndb,2021-04-27,https://github.com/davidtavarez/pwndb,A command-line tool for searching the pwndb database of compromised credentials.
pwndbg,,https://github.com/pwndbg/pwndbg,a GDB plugin that makes debugging with GDB suck less
pwnedornot,2026-03-28,https://github.com/thewhiteh4t/pwnedOrNot,Check if a password has been leaked in a data breach.
pwninit,3.3.3,https://github.com/io12/pwninit,A tool for automating starting binary exploit challenges
pwntools,2026-09-03,https://github.com/Gallopsled/pwntools,a CTF framework and exploit development library
PXEThief,2026-02-23,https://github.com/blurbdust/PXEThief,PXEThief is a set of tooling that can extract passwords from the Operating System Deployment functionality in Microsoft Endpoint Configuration Manager
pycdc,2026-04-06,https://github.com/zrax/pycdc,Python bytecode disassembler and decompiler.
pyFindUncommonShares,2026-10-01,https://github.com/p0dalirius/pyFindUncommonShares,Script that can help identify shares that are not commonly found on a Windows system.
pyftpdlib,,https://github.com/giampaolo/pyftpdlib/,Extremely fast and scalable Python FTP server library
pygoldengmsa,2026-03-24,https://github.com/felixbillieres/pyGoldenGMSA, Cross-platform Python implementation of the GoldenGMSA attack for exploiting Group Managed Service Accounts (gMSA) in Active Directory. 
pygpoabuse,2026-06-13,https://github.com/Hackndo/pyGPOAbuse,A tool for abusing GPO permissions to escalate privileges
pykek,2014-12-05,https://github.com/preempt/pykek,PyKEK (Python Kerberos Exploitation Kit) a python library to manipulate KRB5-related data.
pylaps,2026-09-01,https://github.com/p0dalirius/pylaps,Utility for enumerating and querying LDAP servers.
pymeta,2024-06-19,https://github.com/m8sec/pymeta,Google and Bing scraping osint tool
pypykatz,2026-04-09,https://github.com/skelsec/pypykatz,a Python library for mimikatz-like functionality
pysnaffler,2026-01-06,https://github.com/skelsec/pysnaffler,Snaffler. But in python.
pywerview,0.7.6,https://github.com/the-useless-one/pywerview,A (partial) Python rewriting of PowerSploit's PowerView.
pywhisker,1.0.0,https://github.com/ShutdownRepo/pywhisker,PyWhisker is a Python equivalent of the original Whisker made by Elad Shamir and written in C#. This tool allows users to manipulate the msDS-KeyCredentialLink attribute of a target user/computer to obtain full control over that object. It's based on Impacket and on a Python equivalent of Michael Grafnetter's DSInternals called PyDSInternals made by podalirius.
pywsus,2026-07-02,https://github.com/GoSecure/pywsus,Python implementation of a WSUS client
radare2,2026-10-10,https://github.com/radareorg/radare2,A complete framework for reverse-engineering and analyzing binaries
rdesktop,4.4.19,https://github.com/rdesktop/rdesktop,rdesktop is a client for Remote Desktop Protocol (RDP) used in a number of Microsoft products including Windows NT Terminal Server / Windows 2000 Server / Windows XP and Windows 2003 Server.
reaver,1.6.6,https://github.com/t6x/reaver-wps-fork-t6x,reaver is a tool for brute-forcing WPS (Wireless Protected Setup) PINs.
recon-ng,2026-10-05,https://github.com/lanmaster53/recon-ng,External recon tool.
recondog,2019-05-05,https://github.com/s0md3v/ReconDog,a reconnaissance tool for performing information gathering on a target.
redis-tools,4.4.19,https://github.com/antirez/redis-tools,redis-tools is a collection of Redis client utilities including redis-cli and redis-benchmark.
RelayInformer,2026-05-30,https://github.com/zyn3rgy/RelayInformer,Determine EPA enforcement levels of popular NTLM relay targets from a Linux host.
remmina,1.4.39,https://github.com/FreeRDP/Remmina,Remote desktop client.
RemoteMonologue,2025-11-04,https://github.com/3lp4tr0n/RemoteMonologue,A tool to coerce NTLM authentications via DCOM
responder,2026-06-10,https://github.com/lgandx/Responder,a LLMNR / NBT-NS and MDNS poisoner.
rlwrap,0.46.1,https://github.com/hanslub42/rlwrap,rlwrap is a small utility that wraps input and output streams of executables / making it possible to edit and re-run input history
ROADrecon,2.0.0,https://github.com/dirkjanm/ROADtools#roadrecon,Azure AD recon for red and blue.
ROADtx,1.22.1,https://github.com/dirkjanm/ROADtools#roadtools-token-exchange-roadtx,ROADtools Token eXchange.
roastinthemiddle,0.1.2,https://github.com/Tw1sm/RITM,RoastInTheMiddle is a tool to intercept and relay NTLM authentication requests.
robotstester,1.0,https://github.com/p0dalirius/robotstester,Utility for testing whether a website's robots.txt file is correctly configured.
routersploit,3.4.7,https://github.com/threat9/routersploit,Security audit tool for routers.
RsaCracker,,https://github.com/skyf0l/RsaCracker,Powerful RSA cracker for CTFs. Supports RSA - X509 - OPENSSH in PEM and DER formats.
rsactftool,0.1.0,https://github.com/RsaCtfTool/RsaCtfTool,The rsactftool tool is used for RSA cryptographic operations and analysis.
rsync,3.5.0,https://packages.debian.org/sid/rsync,File synchronization tool for efficiently copying and updating data between local or remote locations
rtl-433,25.02,https://github.com/merbanan/rtl_433,Tool for decoding various wireless protocols/ signals such as those used by weather stations
ruler,2.0.18,https://github.com/sensepost/ruler,Outlook Rules exploitation framework.
rusthound,,https://github.com/NH-RED-TEAM/RustHound,BloodHound ingestor in Rust.
rusthound-ce,,https://github.com/g0h4n/RustHound-CE,BloodHound-CE ingestor in Rust.
rustscan,2.4.1,https://github.com/RustScan/RustScan,The Modern Port Scanner
s3scanner,2026-07-14,https://github.com/sa7mon/S3Scanner,a go tool for s3 buckets misconfiguration across S3-compatible APIs
samdump2,3.0.0,https://github.com/azan121468/SAMdump2,A tool to dump Windows NT/2k/XP/Vista password hashes from SAM files
sccmhunter,2026-10-02,https://github.com/garrettfoster13/sccmhunter,SCCMHunter is a post-ex tool built to streamline identifying profiling and attacking SCCM related assets in an Active Directory domain.
sccmsecrets,2026-08-30,https://github.com/synacktiv/SCCMSecrets,SCCMSecrets.py aims at exploiting SCCM policies distribution for credentials harvesting and initial access and lateral movement.
sccmwtf,2025-02-08,https://github.com/xpn/sccmwtf,This code is designed for exploring SCCM in a lab.
scout,5.14.0,https://github.com/nccgroup/ScoutSuite,Scout Suite is an open source multi-cloud security-auditing tool which enables security posture assessment of cloud environments.
scrcpy,5.0.1,https://github.com/Genymobile/scrcpy,Display and control your Android device.
searchsploit,2026-10-02,https://gitlab.com/exploit-database/exploitdb,A command line search tool for Exploit-DB
seclists,,https://github.com/danielmiessler/SecLists,A collection of multiple types of lists used during security assessments
semgrep,1.180.0,https://github.com/returntocorp/semgrep/,Static analysis tool that supports multiple languages and can find a variety of vulnerabilities and coding errors.
shadowcoerce,2021-12-30,https://github.com/ShutdownRepo/shadowcoerce,Utility for bypassing the Windows Defender antivirus by hiding a process within a legitimate process.
sharker,,https://github.com/synacktiv/sharker,A fast and reliable network capture analyzer
shellerator,1.1.0,https://github.com/ShutdownRepo/Shellerator,a simple command-line tool for generating shellcode
Sherlock,0.16.2,https://github.com/sherlock-project/sherlock,Hunt down social media accounts by username across social networks.
shuffledns,1.2.1,https://github.com/projectdiscovery/shuffledns,A fast and customizable DNS resolver that can be used for subdomain enumeration and other tasks.
sipvicious,,https://github.com/enablesecurity/sipvicious,Enumeration and MITM tool for SIP devices
sleuthkit,4.12.1,https://github.com/sleuthkit/sleuthkit,Forensic toolkit to analyze volume and file system data
sliver,,https://github.com/BishopFox/sliver,Open source / cross-platform and extensible C2 framework
smali,2.5.2,https://github.com/JesusFreke/smali,A tool to disassemble and assemble Android's dex files
smartbrute,1.1.0,https://github.com/ShutdownRepo/SmartBrute,The smart password spraying and bruteforcing tool for Active Directory Domain Services.
smbclient,4.22.11,https://github.com/samba-team/samba,SMBclient is a command-line utility that allows you to access Windows shared resources
smbclient-ng,,https://github.com/p0dalirius/smbclient-ng,smbclient-ng is a fast and user friendly way to interact with SMB shares.
smbmap,1.10.8,https://github.com/ShawnDEvans/smbmap,A tool to enumerate SMB shares and check for null sessions
smtp-user-enum,0.7.0,https://github.com/pentestmonkey/smtp-user-enum,A tool to enumerate email addresses via SMTP
smuggler,2021-04-28,https://github.com/defparam/smuggler,Smuggler is a tool that helps pentesters and red teamers to smuggle data into and out of the network even when there are multiple layers of security in place.
snaffler-ng,,https://github.com/totekuh/snaffler-ng,Python port of Snaffler using Impacket. Finds credentials and sensitive files on SMB shares.
SoapUI,,https://github.com/SmartBear/soapui,SoapUI is the world's leading testing tool for API testing.
soapy,0.1.0,https://github.com/logangoins/SOAPy,SOAPy is a Proof of Concept (PoC) utility for conducting offensive interaction with Active Directory Web Services (ADWS) through a SOCKS5 proxy.
spiderfoot,2023-11-05,https://github.com/smicallef/spiderfoot,A reconnaissance tool that automatically queries over 100 public data sources
sprayhound,0.0.4,https://github.com/Hackndo/Sprayhound,Active Directory password audit tool.
sqlmap,2026-10-10,https://github.com/sqlmapproject/sqlmap,Sqlmap is an open-source penetration testing tool that automates the process of detecting and exploiting SQL injection flaws
ssh-audit,3.9.1,https://github.com/jtesta/ssh-audit,ssh-audit is a tool to test SSH server configuration for best practices.
sshuttle,,https://github.com/sshuttle/sshuttle,Transparent proxy server that tunnels traffic through an SSH server
sslscan,2026-09-27,https://github.com/rbsec/sslscan,a tool for testing SSL/TLS encryption on servers
ssrfmap,2026-08-10,https://github.com/swisskyrepo/SSRFmap,a tool for testing SSRF vulnerabilities.
steghide,0.5.1,https://github.com/StefanoDeVuono/steghide,steghide is a steganography program that is able to hide data in various kinds of image and audio files.
stegolsb,1.7.1,https://github.com/KyTn/STEGOLSB,Steganography tool to hide data in BMP images using least significant bit algorithm
stegosuite,0.9.0,https://github.com/osde8info/stegosuite,Stegosuite is a free steganography tool that allows you to hide data in image and audio files.
subfinder,2.17.0,https://github.com/projectdiscovery/subfinder,Tool to find subdomains associated with a domain.
sublist3r,1.0,https://github.com/aboul3la/Sublist3r,a Python tool designed to enumerate subdomains of websites.
subzy,1.2.1,https://github.com/PentestPad/subzy,Subdomain takeover tool which checks for various cloud services and identifies if a subdomain is vulnerable.
swaks,20240103.0,https://github.com/jetmore/swaks,Swaks is a featureful flexible scriptable transaction-oriented SMTP test tool.
symfony-exploits,2024-09-19,https://github.com/ambionics/symfony-exploits,Collection of Symfony exploits and PoCs.
tailscale,1.104.1,https://github.com/tailscale/tailscale,A secure and easy-to-use VPN alternative that is designed for teams and businesses.
targetedKerberoast,2024-12-16,https://github.com/ShutdownRepo/targetedKerberoast,Kerberoasting against specific accounts
tcpdump,4.99.5,https://github.com/the-tcpdump-group/tcpdump,a powerful command-line packet analyzer for Unix-like systems
tdo_dump,2026-05-14,https://github.com/AlmondOffSec/tdo_dump,Proof-of-Concept tool to dump trusted domain objects and extract trust credentials for lateral movement across domain boundaries
TeamsPhisher,2024-02-07,https://github.com/Octoberfest7/TeamsPhisher,TeamsPhisher is a Python3 program that facilitates the delivery of phishing messages and attachments to Microsoft Teams users whose organizations allow external communications.
testdisk,7.2,https://github.com/cgsecurity/testdisk,Partition recovery and file undelete utility
testssl,2026-10-07,https://github.com/drwetter/testssl.sh,a tool for testing SSL/TLS encryption on servers
theharvester,5.0.0,https://github.com/laramies/theHarvester,Tool for gathering e-mail accounts / subdomain names / virtual host / open ports / banners / and employee names from different public sources
thr,,https://www.thehacker.recipes/,THR (The Hacker Recipes) is aimed at providing technical guides on various hacking topics.
tig,2.6.1,https://github.com/jonas/tig,Tig is an ncurses-based text-mode interface for git.
timing,,https://github.com/ffleming/timing_attack,Tool to generate a timing profile for a given command.
tls-map,,https://github.com/sec-it/tls-map,tls-map is a library for mapping TLS cipher algorithm names.
tlsx,1.4.0,https://github.com/projectdiscovery/tlsx,A fast and configurable TLS grabber focused on TLS based data collection and analysis.
token-exploiter,0.1.0,https://github.com/psyray/token-exploiter,Token Exploiter is a tool designed to analyze GitHub Personal Access Tokens.
tomcatwardeployer,2022-11-05,https://github.com/mgeeky/tomcatwardeployer,Script to deploy war file in Tomcat.
tor,0.4.9.13,https://github.com/torproject/tor,Anonymity tool that can help protect your privacy and online identity by routing your traffic through a network of servers.
toutatis,1.31,https://github.com/megadose/Toutatis,Toutatis is a tool that allows you to extract information from instagrams accounts such as e-mails / phone numbers and more.
traceroute,2.1.6,https://github.com/iputils/iputils,Traceroute is a command which can show you the path a packet of information takes from your computer to one you specify.
trevorspray,2026-05-21,https://github.com/blacklanternsecurity/TREVORspray,TREVORspray is a modular password sprayer with threading SSH proxying loot modules / and more
trid,,https://mark0.net/soft-trid-e.html,File identifier
TriliumNext,0.93.0,https://github.com/TriliumNext/Notes,Personal knowledge management system (successor to Trilium).
trufflehog,3.99.2,https://github.com/trufflesecurity/trufflehog,Find verify and analyze hardcoded secrets in git repositories folders buckets and more.
tshark,4.4.19,https://github.com/wireshark/wireshark,TShark is a terminal version of Wireshark.
uberfile,1.0.0,https://github.com/ShutdownRepo/Uberfile,Uberfile is a simple command-line tool aimed to help pentesters quickly generate file downloader one-liners in multiple contexts (wget / curl / powershell / certutil...). This project code is based on my other similar project for one-liner reverseshell generation Shellerator.
udpx,1.0.7,https://github.com/nullt3r/udpx, Fast and lightweight - UDPX is a single-packet UDP scanner written in Go that supports the discovery of over 45 services with the ability to add custom ones.
uncover,1.2.1,https://github.com/projectdiscovery/uncover,A tool to Quickly discover exposed hosts on the internet using multiple search engines from ProjectDiscovery.
updog,2.0.1,https://github.com/sc0tfree/updog,Simple replacement for Python's SimpleHTTPServer.
uploader,2026-02-27,https://github.com/Frozenka/uploader,Tool for quickly downloading files to a remote machine based on the target operating system
upx,4.43,https://github.com/upx/upx,UPX is an advanced executable packer
urldedupe,1.0.4,https://github.com/ameenmaali/urldedupe,urldedupe is a c++ tool to quickly pass in a list of URLs and get back a list of deduplicated (unique) URL and query string combination.
urlfinder,0.0.3,https://github.com/projectdiscovery/urlfinder,URLFinder is a high-speed passive URL discovery tool designed to simplify and accelerate web asset discovery.
username-anarchy,2024-09-20,https://github.com/urbanadventurer/username-anarchy,Tools for generating usernames when penetration testing. Usernames are half the password brute force problem.
Villain,2025-05-21,https://github.com/t3l3machus/Villain,Command & Control Framework
volatility3,2.28.2,https://github.com/volatilityfoundation/volatility3,Advanced memory forensics framework
vt,2026-07-07,https://github.com/VirusTotal/vt-cli,A command-line interface for VirusTotal.
vulnx,2.0.2,https://github.com/projectdiscovery/vulnx,Modern CLI for exploring vulnerability data with powerful search filtering and analysis capabilities.
wafw00f,2.4.2,https://github.com/EnableSecurity/wafw00f,a Python tool that helps to identify and fingerprint web application firewall (WAF) products.
waybackurls,0.1.0,https://github.com/tomnomnom/waybackurls,Fetch all the URLs that the Wayback Machine knows about for a domain.
webclientservicescanner,0.1.0,https://github.com/Hackndo/webclientservicescanner,Scans for web service endpoints
weevely,,https://github.com/epinna/weevely3,a webshell designed for post-exploitation purposes that can be extended over the network at runtime.
wesng,1.0.3,https://github.com/bitsadmin/wesng,WES-NG is a tool based on the output of Windows's systeminfo utility which provides the list of vulnerabilities the OS is vulnerable to including any exploits for these vulnerabilities.
wfuzz,3.1.0,https://github.com/xmendez/wfuzz,WFuzz is a web application vulnerability scanner that allows you to find vulnerabilities using a wide range of attack payloads and fuzzing techniques
whatportis,0.8.2,https://github.com/ncrocfer/whatportis,Command-line tool to lookup port information
whatweb,0.6.4,https://github.com/urbanadventurer/WhatWeb,Next generation web scanner that identifies what websites are running.
whois,5.6.3,https://packages.debian.org/sid/whois,See information about a specific domain name or IP address.
wifite2,2026-08-05,https://github.com/derv82/wifite2,Script for auditing wireless networks.
windapsearch-go,1.22.2,https://github.com/ropnop/go-windapsearch/,Active Directory enumeration tool.
wireguard,2021-09-14,https://www.wireguard.com,WireGuard is an extremely simple yet fast and modern VPN that utilizes state-of-the-art cryptography
wireshark,4.4.19,https://github.com/wireshark/wireshark,Wireshark is a network protocol analyzer that lets you see what’s happening on your network at a microscopic level.
wl-clipboard,,https://github.com/bugaevc/wl-clipboard,Command-line Wayland clipboard utilities (wl-copy / wl-paste)
wpprobe,0.12.11,https://github.com/Chocapikk/wpprobe,A fast WordPress plugin enumeration tool.
wpscan,,https://github.com/wpscanteam/wpscan,A tool to enumerate WordPress-based websites
wuzz,0.5.0,https://github.com/asciimoo/wuzz,a command-line tool for interacting with HTTP(S) web services
xclip,,https://github.com/astrand/xclip,Command-line X11 clipboard interface
xsel,,https://github.com/kfish/xsel,Command-line X11 selection and clipboard utility
XSpear,,https://github.com/hahwul/XSpear,a powerful XSS scanning and exploitation tool.
xsrfprobe,3.0.0,https://github.com/0xInfection/XSRFProbe,a tool for detecting and exploiting Cross-Site Request Forgery (CSRF) vulnerabilities
xsser,2026-09-05,https://github.com/epsylon/xsser,XSS scanner.
xsstrike,2025-04-26,https://github.com/s0md3v/XSStrike,a Python tool for detecting and exploiting XSS vulnerabilities.
xtightvncviewer,4.4.19,https://www.commandlinux.com/man-page/man1/xtightvncviewer.1.html,xtightvncviewer is an open source VNC client software.
XXEinjector,,https://github.com/enjoiz/XXEinjector,A tool for XML External Entity (XXE) injection testing
Yalis,2023-03-09,https://github.com/EatonChips/yalis,Yet Another LinkedIn Scraper
yarn,4.18.1,https://yarnpkg.com/,Yarn is a package manager that doubles down as project manager.
youtubedl,2021.12.17,https://github.com/ytdl-org/youtube-dl,Download videos from YouTube and other sites.
ysoserial,,https://github.com/frohoff/ysoserial,A proof-of-concept tool for generating payloads that exploit unsafe Java object deserialization.
yt-dlp,2026.08.19,https://github.com/yt-dlp/yt-dlp,A youtube-dl fork with additional features and fixes
Zehef,2024-11-13,https://github.com/N0rz3/Zehef,Zehef is an osint tool to track emails
zerologon,,https://github.com/SecuraBV/CVE-2020-1472,Exploit for the Zerologon vulnerability (CVE-2020-1472).
zipalign,10.0.0,https://developer.android.com/studio/command-line/zipalign,arguably the most important step to optimize your APK file
zsteg,,https://github.com/zed-0xff/zsteg,Detect steganography hidden in PNG and BMP images
